0,1,2,3,4,5,6,7,8,9,10,11,12,13,14,15,16,17,18,19,20,21,22,23,24,25,26,27,28,29,30,31,32,33,34,35,36,37,38,39,40,41,42,43,44,45,46,47,48,49,50,51,52,53,54,55,56,57,58,59,60,61,62,63,64,65,66,67,68,69,70,71,72,73,74,75,76,77,78,79,80,81,82,83,84,85,86,87,88,89,90,91,92,93,94,95,96,97,98,99,count
0.9749134000540179,0.7335758165940331,1.8439370768656689,-0.5235472670249821,0.25905494369238435,0.23001240185223956,0.6648708062268281,0.8291014012397235,-0.19893620736003328,-0.5430966066977969,0.5686691108181251,1.305675421783343,0.5048017719209623,0.46021022998436134,1.317575757260292,0.8001464533044748,1.5903914142215674,-0.40115034411062944,-1.0498768861330545,0.7825280069731344,0.48688051914685315,1.4761881186509354,-0.5330009171952949,0.43364328954902676,-0.18412405147818353,-0.8596511978458367,-0.5214592762737581,0.04327338282278986,-0.6402611789114292,0.3968116608759854,-0.3106852987832516,-0.08843882005569953,-0.9431930477863801,-1.0342741503308535,-0.33892970026350827,-0.2151953824620071,-1.0014062451572872,-2.1153293587846593,-2.2474556281431903,-0.755865398063813,-0.1427621077557671,0.6247179277717513,-0.6662403861062296,-0.49423861772603356,-1.0098577467986625,-0.14651477195922152,-1.488578614843898,-0.5441303777577343,0.3240095568260797,0.2511377513712383,-2.0357479065020305,-0.30144345006104933,-0.05259696561736238,-1.6004292072837487,-1.3031297373488857,-0.38966021080311475,0.13264054715908685,-0.14481552074865284,-1.934703294716345,-0.6242343622032638,-0.31595676673998274,0.5951761508123382,0.7410306903255846,-0.4867745312046212,0.5320163265886285,-1.0197088672238592,-0.36976722059591155,-0.12145561755318884,0.13144333248197962,0.26620180306403823,-0.9370643415949996,-0.2887806664732478,-0.6204762035100585,-0.36617842284395813,0.43642676178388506,0.6492304037664247,-0.3323307743736735,0.08893729697215719,-1.2360992074901127,-1.7922613127679088,0.8303497658039992,1.3642330688239546,1.0094771441783863,-0.01914689277496706,-0.5095435863689795,-0.34118533367662784,-0.5334272878299838,-1.3023440970333187,0.3336592353175032,-0.5506184295820199,-0.89559913249736,0.6842906604716993,1.2507910610472452,0.9456351207391694,-0.46857556189551525,0.4524132083404222,0.34115123475844694,0.6101840415287341,-0.25802305974365447,-1.11062193688146,5668
0.1624615212082807,-0.3819378014669747,1.8588441370052937,-0.04585504134779518,-0.9132816541580553,0.508305485446419,0.30881344011792067,0.6669654013067053,-1.3780856882086199,-0.5218851058296758,0.11869861212745997,-1.0563760190927298,1.3730513935296185,0.7842974713703291,1.4607492042539048,-0.1525153520487867,-0.7115857961008997,0.252431221981693,-0.8989408514268612,1.4208157574398999,0.2860555354720081,-3.423196405902277,-2.7079256888002115,2.6631354035851773,0.2574286763886106,-2.4535286165032626,-1.7925258734953597,1.247464021997534,-0.12942913883756424,-1.410523999345425,0.14467608791434705,-0.1208380253948812,-0.4252920109278927,1.2860410393202988,-0.6953304923775433,-0.662330785693922,-0.030758373387564764,0.8955950483844108,0.9154158945621304,-0.8991691257514063,0.12158619572655602,-2.3663852425230067,0.18185684190649412,-0.479649618265302,0.22004527110814814,-0.7887436828077476,0.4852321939323456,-1.6669046278970407,0.9692753330580465,-0.35611720038607075,-0.4615502016398278,0.7347124197870789,-1.2889429915673878,-0.4429222686228048,-0.7304695048762162,-0.2226990720739392,-0.9582747576020236,0.6900672295360828,0.9883763483059751,-0.0410515548788945,-0.6001685040737931,-1.9818817672016673,0.7556840250187034,-3.6549966212310445,-3.6147905837853433,-0.55339266833703,-0.18979997038560487,0.36308720637912806,0.23792301405207297,-0.6685723652424302,0.9903204289589774,1.7292026379330532,-2.351824008183661,0.46903109027255085,1.0732885120812923,0.746953613467883,1.3982179021441383,-1.7465068884009676,-1.145769352197798,-0.28703004251197206,-0.12993595920132164,0.310715652683867,1.5343766736158482,-0.9566825228461386,0.6760940261566402,1.7626503251170635,-1.3872082433094444,1.5090356485321035,0.703320547785084,0.844358505513627,-0.6458915143867932,-1.5997765368655974,0.9083615000276442,0.9942391247097325,-1.1744761828675472,0.057488579713837425,-1.996369185353303,-2.639805023672948,0.3181723001186516,0.5421228303441974,12833
0.6325745214452436,0.9588646448561507,2.7476760717503717,3.1012288827458345,-0.722278870744576,0.9465993413525031,1.8504561065170715,-0.03951979240217435,-1.8823380097974824,-0.512907306847358,-0.9758853282471559,1.0887459540947837,2.087635765029929,-0.8578906066408833,2.610307103954174,0.009829330024968067,3.2162131151550595,0.7155989212114905,-0.8216166075322414,1.692768849546213,1.296881516745449,2.4611773480748598,-0.7955841374920606,0.06028915142578173,-0.6044959863903534,0.9797677955000047,-1.8374395161764212,-1.5968269988374413,-0.8013718628247032,2.313523034996802,0.46915254482548296,-1.320542618747617,-1.1659078689269882,-0.8570012178235473,0.3309357124544236,-0.17002093517763336,-1.4090020473307296,-2.4815803769827274,-2.6861555027285697,-2.4429641515176423,2.501439280463522,-0.37939625318172426,-0.9641163735318462,-0.3184497283307055,-0.33829060927419935,-2.257564738670427,-2.280544489497794,1.223579203438658,2.8685056082734466,2.2592968988103324,-0.027577948066941305,0.3189760452373511,0.5897758015367468,-0.5253895373139793,-0.27700466919110894,-1.4694991751197435,-1.3661457654668745,-0.7228509959667482,-2.216367890817046,0.3309212235056197,-2.713109197342165,0.8392241949590875,-1.09852690170494,-0.521578648423142,1.9925335706201093,-0.6618960614288143,-0.8744290589732808,-2.065711256401039,-1.6081212276298886,0.7701637907400877,-1.9984940307962344,0.379672127680722,-3.477265434211522,-1.172649264651024,3.2345048462837234,-2.0602473801394847,-0.022767120334446223,0.5850076775285631,-2.621272329035185,-1.9606740307638206,-1.1024603188579927,0.78071044611651,-0.13388680629801986,-0.9956246140318734,-0.9541815696268123,-0.8836115791342526,1.043686601919193,-0.7089714427163318,-0.5990937691520196,-0.32262892326858633,-1.357962812244111,-1.9388824406607787,1.324478266335377,2.073837581585953,-1.529000135593896,-0.24509592537621805,2.5513287711216277,0.2879847527117442,-1.2567084971752667,-2.3536318037956487,7635
-0.32885680609754236,0.6948844979992707,0.6529537689681368,-0.3386009498173786,-0.40156016555123697,1.6252378242508356,-0.6522651467579079,0.7237675206751404,-1.7106501332083863,0.15852608631460166,-1.6522899816898136,-0.13145584657942228,-0.3440670491912045,0.12556784337965676,-0.1931021563487677,-0.5352171629703695,0.009015096466778696,-0.17502688606137387,-0.47409170192170574,1.1122776648347144,0.23887898031373925,0.660236110313037,1.1720864413136514,0.8516156780686647,-1.6607789744977726,1.4534347151764127,-0.7764720123732212,-0.0008995216593619682,-0.831578167787706,0.666773297631086,0.010420542113277587,0.8825571949144949,-1.4679780523550585,-1.084590958515231,1.1725229309980545,0.3209791385007785,0.461969313439469,0.23428424488981608,-0.3192711774976483,0.427411368023361,-0.8010475613343055,-1.7785851067701401,0.3873396819447243,-0.5837916030938675,0.1185781178397664,-0.23781518611256985,-1.0100150128257046,-1.4471152520416255,1.2234254305858547,-0.15554982221047442,-1.3142770455396195,0.23564841682152216,1.0207122670867417,-0.4853334016273126,1.362208671617438,-0.9420167896904714,-1.1067246648090552,-0.8075600350460808,0.2929508796332314,-0.7663902865701817,-1.1405697047420427,0.22100187313501884,1.3850484505018024,-0.6701721366289608,-0.551761404229143,-1.011751884245939,-0.6841756284431899,0.25049454579467956,-0.15205961323754658,-0.2579430057288578,-1.10946505690431,0.006454739497400955,-0.1254436268684106,-0.6493402339335743,0.16978877499389033,-1.2311419845813738,-0.2607876278912375,-0.13932163345333248,0.008863166301857156,1.1896144639380781,-0.47261198255791137,-0.5485063267286183,-0.34399273587464,-0.40538857539223394,-1.427491663662084,0.5507883400525209,0.04980678448128531,-0.5590353169422981,0.2610221470535299,0.4846311770073073,0.09462847618877451,0.40820149416438967,-1.021674508229272,-0.13972460134236642,-0.5754624945819151,-0.03292462350516909,-1.21590653730763,-1.019975215541573,0.255443675872671,-0.5902110302159126,7742
0.03495208433958761,0.01182522140886844,0.17304499828547704,0.060901664338385085,-0.04860977024775898,0.008548210668412031,0.3848253979724387,0.24820132767739903,-0.32746965497423997,-0.192374565457572,-0.28312879313522277,-0.08514798055967712,0.1953205203711002,-0.10729088302869065,0.33481264127609733,-0.16251030927673257,0.06328260984050821,-0.2130013572306332,0.00889229281721754,0.0448908917756288,0.14844494244861356,-0.2420961090264544,-0.20077856696949264,0.3045910124969966,-0.11261684648150282,-0.05693744170904258,0.21807374905379312,-0.04988230576942235,-0.24341490541769295,0.08706717633868098,-0.2641036640747049,-0.29221421770063805,-0.45232137353388746,-0.0554861998142165,-0.019596949557520574,-0.12656090113023113,-0.3979696460805063,-0.20934537784013157,-0.2006786546566034,-0.18611492177402217,0.04696270665611862,-0.12237710906658356,-0.11469187254359553,-0.6200681938941023,0.003745770277791112,-0.22660970767010008,-0.27381180896390717,-0.21816593965464393,0.18382546746290424,-0.11225402589136152,-0.33208100698012344,0.1879604039226403,0.3709821589101816,-0.2525279518589306,0.008787118883040873,-0.06947350908568503,-0.31913114766063605,0.17578790794178317,-0.25950308870258704,-0.07361259281151361,-0.4017121837977195,0.157163550399262,0.07663831438199886,-0.08287275428462013,-0.5297937626991418,-0.3875555118145857,0.07851254620563089,-0.0988347745441259,-0.2583205259087747,-0.009462786420103052,-0.12975584598420184,0.19785346757734013,-0.1938936792334922,-0.21935331177674355,0.34429989388639914,-0.18948470570799125,0.001132855568482416,-0.11316671560759223,-0.2198693395287133,-0.29766726281448525,-0.035379744079678,0.2356562855422651,0.14240635907736748,-0.5193039661675252,-0.14161574371775193,-0.04857233920340977,-0.030054195538711886,0.15719097310946417,-0.0073414336875571445,-0.026518308222936684,-0.22536919262867672,0.10820180276666365,0.36982388097597013,0.04079548427545236,-0.07890172720262012,-0.05161815440029574,-0.13820102928244213,-0.13940877332221357,0.08068184822876409,-0.004390650607147578,142883
-1.685137542604226,0.30086992773174626,-0.5927657604719803,-0.35412734950603064,-0.582806609646527,-0.13560071574484242,1.9321608964373231,0.4158769900937571,0.9322058830540212,-1.3150639092200953,-0.21069419289016483,0.7888743044648313,-1.4411053179061413,0.6293319139193244,-1.5273851481163647,-0.37062588238863814,0.3406562101103807,-1.1029318033001179,-0.5492947623835434,-2.514921167747213,1.3961721814397285,-0.5803026626136447,-1.1465924898950681,-0.9104620795947541,-0.4077298890682455,-1.0877382114428302,1.8998194540928068,1.1089993533987328,0.4871580909667108,0.38543174196826147,-1.2619985988534759,-0.43796093764960553,-0.03886392262112681,0.1543384962682961,-2.4110618953057275,1.1834434669276357,0.09904340299923153,1.0899276752457825,-0.3939082998408163,-1.080113971791987,-1.8676136919091877,0.6603548434206672,0.45691702778258697,-0.6064929051576439,1.205981297800401,-2.3949053124481674,0.9047531355060214,-0.4643925505165742,0.0192401950482618,0.11566113126277353,-0.8420433006481227,-0.3976524839416712,0.6504719990443435,-0.13617959531752843,0.7132945991138735,1.1001387517008794,-1.238243201994485,1.6674849201270945,-0.7375544966658971,-0.7787576690821316,0.009007460343861351,0.943544308857997,-0.49524602951029234,1.410195299426672,-0.3373061268921107,0.051855676333243894,2.3327388103571502,-1.8892949051708114,-1.0630908293096604,-0.17242640017809907,1.7710361620859847,-0.366607216247113,0.038547530984204104,-0.616205759341674,0.0395182416691523,-0.22014021425576613,0.49340649588628643,0.874445267627902,0.412006212494449,-0.5850118190052214,0.9666736753402082,1.8821390334926877,-0.6796181044368583,-1.2683241407414507,-0.4508751525416057,-0.9117932170194591,1.4584067465545683,-1.6086441079265865,0.005211603432105152,-2.1596563003883307,-0.1381598016020258,0.718779394850006,0.4605187028620001,-1.0964115812784678,0.8427127061939014,0.9748946107725842,0.13110578185702654,1.0180955468965278,0.7190718662723281,-1.22972688267174,6736
2.417615731889369,-0.2007876441032799,1.0168243088904496,1.6141763891141176,0.6575931724646527,-2.248351226647675,0.35229677862366887,2.9115903006781485,0.2904736597719232,-1.5718965296025815,-0.14295572035354737,-1.2494141109476018,-0.06388939372675967,0.32608708852665574,1.5668576401668952,0.399753578375989,-1.5579515250557532,-2.2129918978982466,-1.2347383308354702,-0.564062779152999,1.9231575630001911,-1.0858434727413944,-3.609558168192414,0.6013682768143828,1.0462206825907387,0.2033337458174018,1.0982210632122666,-2.9009588533260926,-0.8879937479664657,-0.36395829862530693,-1.6511852895123273,-1.076617665181202,-3.0707927518998206,0.383933219791591,-0.5851980440490246,-0.4434726990110456,-0.9666232012406832,-1.8993818119167116,1.140137556386122,2.1816718348705835,0.4468098594783667,1.5604879162514496,0.23363278992805336,-2.712683485572012,0.4176789991706423,-2.3544441967922785,-0.2511630274585275,0.10402854653788668,-2.494186446007152,-0.6753082572828686,-2.571730666244888,-1.150089671529387,1.039052676790504,-2.0325443596153505,2.2192745318989178,-0.456777242408526,-2.9520915732130297,1.512016891243364,2.121941636071994,-0.5440994586796459,-1.5034752589677827,-0.983069268101634,-0.8401493726228326,-1.5208777001269034,-4.4406087026346786,-0.1225076509615744,-0.9448182107703778,2.37053945139195,-1.6003409832487423,-0.9807324185419415,-0.6767599563656174,-2.2605518335491808,1.4805690338863864,-2.4472699409775234,1.069770094357311,-0.10249797715174791,3.7972024978373122,-0.41832750939827734,0.5170984640030637,-1.2712054259793408,0.9645020574686618,0.07902549736513145,2.7983140200063934,-1.6026617310294504,0.5841119573107812,1.1341930055142193,0.5619086373619211,2.8124281896658228,2.616129137166012,1.1623704969092992,-1.084234405326855,-0.6868436640858961,1.966299757559553,0.07997736450038051,0.021476896201465367,0.8646155118237027,-1.7713099524422151,0.32084926434252214,-1.505510810773247,1.0571559545057647,8012
0.14149107887052448,0.9042450299580406,0.041357052933974514,0.6476204325068503,-0.4907883902336405,0.16342247937836932,1.6946966878837117,-0.09404782473501894,-1.2191025430438007,1.7807296616574662,-1.5981587602394842,0.3150703243383248,-0.0827573674370562,0.019830366324603773,1.4372535875955672,-0.33016784411517885,-0.48186771161220426,2.167769195047666,0.6425451077906265,1.1092776486472986,-0.4431440588131514,-0.30285277475872696,0.5371035493439902,0.5934846139624061,1.3442054412280444,-1.0847465643958185,-0.5925661992413849,0.19137142473723118,0.7143842335655538,0.2984311276887086,-0.5992385041400643,0.8193506773596192,-0.36133519762207644,-0.8229464062310358,0.9946237914245702,0.7046451723941818,-0.6973477270748042,0.5673433995318558,1.2429035297177073,0.2323406638572783,-0.150001417681501,0.8687785227749264,1.1264858083574298,-0.717997043613987,-0.28837014139025924,-0.036794055069600595,-2.3719273955318356,-0.02008117079760044,0.506620379949085,-1.5324035894002426,-0.6373940918039354,2.0352682632320667,0.6945733472118849,-0.8610041675121101,-0.4383564125403758,-0.01367221757157212,-0.6936525807186058,-0.9426544213869781,-0.43965797471958257,-1.2567138398356017,-1.6483053533806031,-0.471537901232881,0.5957497153175834,-1.0473533455962418,-2.6460866945229022,-1.354236895574495,-0.14868046274402524,0.39168994328993956,0.2584925599621243,0.3205434660166826,0.24499698858459715,-0.08985915373105648,0.03148938148936481,-0.9045237787931462,-1.3323445499364421,1.0945071862079572,-1.192537892419915,-0.4187501838026678,-0.3060035171345062,-1.3386539797596329,1.3902626246560925,-0.6647853661572962,1.2983085122308904,-1.0340546361164855,1.5645797145183318,-0.8122381115109534,0.07622840944368037,0.12699779113673237,0.40085760344624083,0.589043364397676,0.02887203855234244,2.0153695869306016,0.5982566495886071,-0.1739419644033544,-0.1934629206697378,-0.7103837486663966,-0.6093808516242292,1.0860901788167925,2.026451368947465,0.7051143621137437,6009
-0.5879006392252566,-1.3678641467414285,0.4031508726834002,1.036138070884109,-1.4407226373486277,0.2792448164874587,0.6491960092209154,1.012094645382645,-0.2635734130796599,0.3632754299733151,1.0227183109710192,1.4197633727669168,1.2928473281430162,0.8644197704446714,1.0024148833845203,0.44798696995545684,-0.3773631591223481,-1.55315017761177,0.6620139409273502,0.7059459127967427,-1.0001143540656983,-0.8765900148056027,-0.8766354919082319,2.115857833354633,1.2184865976424197,-0.7981322962967431,0.06635396852315392,-0.4057159706003225,-1.565177698305145,-0.9850229026287189,-1.359507838987251,-1.5426830041412738,0.4361147209531255,1.2216869585576107,-1.310120221437022,-1.2302560829650317,-0.2875191151198028,0.9115531435983262,-1.7189694831930462,-0.21097412074490485,0.5472716851179698,-1.962547541986386,0.9330652945062738,0.6889933107182278,0.7355080270464508,-1.3237836301826393,-0.35615755733840543,-0.44976773579833995,-2.6647234799689263,0.31494051616601226,-1.4097815260978115,1.0243252735394146,0.9432936268342801,-0.7454419689536194,-1.386807799595782,0.2798018072947362,0.14479814458400825,-0.10807135585272704,-0.8244666686398393,-1.3708642618518694,0.08811218449197444,1.5823921170835755,0.861099195724812,0.8262650186936678,-2.9044739363195604,0.745949842209038,-1.0539265729365253,-0.13356337922359945,-0.2384689683318022,0.6483522439298754,-3.129022591136878,1.465408308168782,1.3279974551956204,-2.480267123390644,1.368071785151915,1.44541241549716,1.2446769475400206,-0.17159134196837217,0.4601788479080685,-2.6752103221288914,0.5158843722356393,-0.5796548012055647,0.38247398963152773,-1.7554430249110935,0.5878662359074452,0.8350820391617132,-0.03842781765907391,-0.2386355529801386,0.3191474891335128,1.9085203357547564,-0.6337418060777231,0.2319116828863096,1.5219438706286428,1.0306515996000623,2.009590703453064,-1.8718301340591088,-2.180254267712254,-0.20592639190007414,-0.5343512775374017,-1.1585244834336896,3326
-0.950619084194461,-0.02104459314757239,0.13148945174013713,-1.6739073258879984,0.11101114386976296,-0.43933116253506765,-0.5687442201248964,1.5987711228155306,-2.5331402774718406,-0.9559343189552304,-0.8373830606870921,-1.8660040421421078,0.13379104163245664,-0.0034731916540233776,2.2429720343904793,1.5623949697597104,0.32214934613641466,0.35756614915995577,-1.0344749650665133,-1.2637582835790189,0.004742618032409496,0.028901591956413786,-1.0337224132238445,1.6488298477610943,0.7386816927467177,0.5103342420142724,-1.3864762327059061,-2.133813520307882,-1.0128693105514244,0.6921513407351902,-0.5998967586539037,-2.2865325223934296,1.8734136934011925,1.4018244587261146,0.9942056421412137,1.7142676333593765,-1.4513384493389232,0.8105897260927046,-1.2422176884757155,1.5377110080320093,2.378895510044796,0.3088319484351318,1.3171509164052226,-1.1621354361201863,0.5480011108243971,-1.474387665813118,2.203407794460991,-0.20365454937944338,0.446841718996119,-1.6606427196838471,1.0636096508100552,1.407706014185223,0.46842813293571595,-0.19841434924429857,1.692256105961562,1.0677585844071635,-0.8543486980545034,1.652904216747395,0.8070223690119338,-0.9545371705461563,-1.4952624303293556,-1.7081951736067547,2.4410980150896977,-0.6076323662083519,-1.5759464508038241,-0.8750093269389854,1.1302706949317203,1.8694331869478644,2.1970139666028827,-0.6978356091885566,2.159542048903787,-0.9272232062166561,0.10700639803899514,-0.8776591368874713,1.222976182916377,-0.2467169642658392,-0.31071883102076286,0.9686140354872683,0.5582871691436622,-0.9937921315348264,-0.15073775799012648,-0.6909015198153776,0.5784226915739947,-2.2216916095252452,1.1347098454457742,-0.012263536352569583,-2.2592427468295684,1.472624808768398,-0.8536229132225326,0.5453316436058939,-1.0933413173170519,-0.16600329538699737,2.2465566803106,2.551706125490074,-0.7654353944905616,2.6975452924873844,0.3891341720279274,-1.9406594600711213,1.1458473555203297,0.3218708249190661,7168
-0.27293479550994726,-2.0348195316799673,1.7433736310257224,2.049373081259563,-0.2875190336210512,0.024666222304583648,-0.2866120054575471,1.4282308728742406,-1.3844717367194739,-2.1150175858070157,2.013505338146204,-1.9508545598711668,-0.3630673641582112,0.5490416015781892,-0.9482600141484513,1.3585410768029194,-0.5516936121014788,1.0308703421068932,-1.1182277917161327,-0.032746259751846446,-0.14047643627003709,-2.1428006301966684,-1.5301829372403517,1.839493207870901,-0.4857619819444096,2.1243336284464838,1.2411182382023904,0.34667769730623277,0.8921509367661976,-1.2881569841053038,-0.6275299906957094,-1.273856513644502,1.6476528311473524,0.4368028737966248,1.0326307660565264,-0.8510597072306401,-0.23161749919964827,-0.42107884702104453,-0.04940717204103512,-1.827476276738819,1.6622992744479224,0.0873683332073059,0.5906008123381333,-0.8917277904276905,-1.6430133251463954,-0.03667761308645129,-0.06530325539251111,-2.4652483517731403,1.2541784227094497,-1.3353243144285218,-1.122193853017881,0.6353463496899905,-0.0788070007266824,1.159823560471787,0.15144722706261757,0.34311343573705505,-0.23082295655390922,-0.40242042502647374,1.7992222276101364,0.6567202866337638,-2.2208868970316438,-0.2615667962530361,0.3821636983257499,3.265919605065839,-1.8848838562245356,-0.1255367329587374,0.951060409625329,1.0345956424606089,-0.32904817928365804,1.2659704199629804,0.6014899329616188,-0.011968437444215232,1.7403344183060694,-0.15945560877462184,1.5463165085868076,-0.4958831153933726,0.28423468646995087,-0.932466502004583,0.8877654843025518,-1.462711585711463,2.2690658443572636,0.24682922036557448,-1.4030562673117648,-1.1050946167949234,0.24965760982543686,-0.2524830563864252,0.7251442914770158,1.3770150249802844,0.09515358439922712,-0.6051071079188239,-0.3405740506438842,-0.12110277425893545,0.533278310617548,-0.09708042167698416,1.2351010313035782,-0.01655484149500025,0.1610584630166415,0.4590849336527367,0.07329724533936927,0.7589286290999735,1453
0.19274085226170817,-1.407585473877462,0.8421348591490014,-0.33579818031479497,1.0797568024962079,-0.6817578074985088,0.2211016233679179,1.8457424270001512,0.48993631186960673,0.9739047357031255,0.011009578228548034,-0.11836651447953257,-1.4437494963666897,-0.9119694220081781,-0.4240669575311923,-0.8142157363419862,1.9135371629873454,-1.4802263148549735,-0.7472674210875511,2.3453902333869525,-0.054073470638269894,-1.2737701470848741,0.06905151714649821,-0.41527858681586227,-0.8137128121644867,0.3589171321546588,-0.21498883225396065,1.2976476658515868,0.23966021324352454,-1.1328388699305463,0.9168797133273311,0.1016851594068453,-1.2304927224132103,0.9287030251551043,-0.4768393023329826,-1.6791886577443347,-0.13761515902753008,0.757779648989249,0.6601058391589743,1.2702731980426578,0.0005619417752577849,1.7267347191364197,0.9790901236042178,0.20845643282559645,-0.6587093440822291,-0.1189638538125089,1.0908364299731077,-0.6820403447087887,2.374308637601896,-0.31380208666272136,0.6541025413082805,-0.752473904885971,0.7050794012627699,0.6475789521285489,-1.0150673954990226,-0.2053617510232025,-0.5613337319655141,0.34448740300271113,-2.3245796695716927,0.6737088149146178,-0.605657478205274,0.3226141682631533,-0.31118897569382015,1.0031482849471667,0.5192202109377272,-1.4657378565331207,-0.146310016235888,0.06189173666119445,-0.12333264795584788,0.4131411719117756,0.9052101801620156,-0.9063648713775944,-0.7139302743543992,1.242852867877973,0.0420413197032265,-0.9894876115909053,-0.28320146539822005,-1.2021454200116393,-0.8152043252546441,0.4530862829583901,-0.05192798389830038,-0.5723932394679554,-0.501011031428938,-0.7140270370386593,-1.4295438950855375,-1.234349404688131,-1.0731543102090897,-1.0166767689072944,-0.1740668820727288,-0.6221638652141895,0.4915755776731838,0.2996009583435999,-0.09651649693430409,-2.025989884090452,0.8432166057932772,-0.9397841201681651,1.5660354929040599,-1.9012186840599359,1.3249964823330558,-0.3263130826541787,14926
1.6918022638600854,0.07217291386789386,-0.5318374641354124,0.6110962394845808,0.15063463112048042,1.0966770509524375,1.4984591913630343,0.7163295391443719,-2.3502379209034157,0.9593402458583268,-1.419096168419445,0.19336916035220872,1.3164996842522436,0.8286027388924936,0.9179123672150826,0.9468754297770238,0.5681421126505549,0.43675599218510874,-0.16153723044615304,-0.3179673577083658,-0.16595499425276378,-2.0155754053853228,-0.6421773481287641,-0.3362504110666318,0.694104944420421,0.48732604361136267,1.0519313263855454,-0.3516346381942465,0.5151479703427012,0.7960165452614745,0.15960925356925326,-1.2330593852541374,0.062316522032171695,-1.2963756194672449,-0.9743248186124727,-0.5339587867118625,-0.35434657333157615,-2.456498232961039,0.799402097707182,-0.14142238181576872,-1.035684372934496,-1.3132585678029411,-0.23177074306705348,-0.5166454911661169,-0.627299557941475,0.5213835214354978,0.1429865107200967,1.0143424521319737,1.1501037591226866,-1.2791613927897079,-1.2950588114496924,0.09968767988435301,0.8765202963375756,-2.003112310877075,-0.18525519700450976,0.04522504881222218,-0.4010021773880225,-0.012990760024553627,-0.6745553835679273,0.8603571292398686,-1.619952057128145,-1.9492814652006831,-0.7187021020687829,-0.2921369993109911,-1.6147516569624114,0.5348713911365177,1.090713316383976,-0.004759579225755241,-0.35513139928608095,-0.7547727577924882,-0.4261730456023741,0.0861075670716388,0.03000727284136051,0.020273051301183898,0.253078649448335,-1.1928647329268887,1.0968429624413205,0.4177603067547468,0.5649553639976966,0.8799130446623995,0.3200151396516184,0.38160436098910555,-0.16609589305250566,-1.698419970452238,0.8035440105419666,-0.3198084789467299,1.0884834224277284,1.1255166338412284,0.30099841700464225,-0.08069408888027124,-0.06697135970953477,1.0328936969354798,0.038574391693694754,-1.191229461736874,-1.5971759026965682,0.4790296449518482,-0.6103183638188876,1.557533653983397,-0.2817469356556782,2.466798514638299,5483
0.17920196565331922,-1.0461277449812056,-2.3633958336405563,0.9480633577273521,0.8346603684319551,-0.7673640400086751,0.8214550282333846,-0.27768874791396225,-0.30610330731688135,0.5861374741575058,0.7461390888098149,-2.1961280245681927,-0.1758074200922064,1.189038442701913,0.8968020188407237,-0.3199633460144967,-0.7056746628833593,-0.18461518480530312,-1.3936383910088321,-1.6907114666010106,-0.7291808292125732,-0.9159125177862104,-0.1761038859100028,2.8174962310348475,0.9946055091699126,0.286553964552558,-1.6547657777348608,-2.767227694126937,-0.8993880656796687,-1.1167618858761086,-1.2200033604753806,0.3172076793183084,-0.1626225199323491,-0.9380032317224583,-0.5193542875071829,-2.1065239765290276,-2.1650844508719533,-0.6719273083577328,-0.1962297954859445,0.4913361770472528,-0.34067325528475567,-1.1504803016294443,-0.6876773459452278,-2.1100682509408646,-0.39476962048889763,-1.8329118936387654,0.8669894004301766,-0.5119598329405144,-0.723421672673824,0.5952173436475808,-1.8154648194893994,0.5580208188071083,-1.752138052785098,-2.557764350554997,1.5693465978298184,0.9689918821160546,0.19320795751139713,2.797956180346578,-0.12387233003440584,-1.5607067175221094,-0.484439362427314,-1.1623711224365618,1.4889902737772451,0.04710546181822023,-2.0304268042407485,0.31169469189797455,1.9106801101914823,-0.9377577551768923,-1.1237073345910744,-1.2250446154265247,0.5142598673357962,0.5445181236531867,-1.340058058461554,-1.3594221913394375,0.003558209285910441,-0.7086888021248829,1.7034239258715214,-0.4158511210496074,2.1775991811920825,-4.1193342484388955,-1.121627947017212,1.978208500371219,-1.3141217193674675,-0.5520625989287657,-1.4603328269366591,-0.7683321689023307,1.3215624248582079,0.23740384292607006,0.7532656658998363,-1.8972253255242038,0.0510975567143892,-0.004883827934805962,2.335624871968068,0.15700275249146392,2.505003028787115,2.6245131580292558,-3.309251013303885,-2.7335122373783753,1.5953523016482585,2.329265593112622,2533
-0.483355693680816,-0.3200959902955333,-0.04788763984792266,-0.06879020597287457,-0.43681017996218224,-0.027796971416981574,0.5222882170482148,-0.13287353105043243,-0.20887412586930307,-0.1383581768037388,0.01711478311596909,-0.14296478242326105,0.30430203913374804,0.12603508981396844,0.2529198402601939,-0.6493879165461887,-0.3216655159018412,-0.3342051331808674,0.6011135778983202,-0.09066950381754688,-0.08258793157800842,-0.2852409342103135,-0.22678932391830958,0.12447126936680442,0.06921060039063702,-0.5807432116293786,-0.23039423483498161,-0.5620632778469103,-0.1764259306074359,-0.5166901746922161,-0.5772377320431596,-0.6251431475201884,0.2687540590957794,-0.009981226267518656,0.05328288197128117,-0.12451254569415389,-0.8603591335781555,-0.42083181740509223,0.5114820937575927,-0.5416284593744428,-0.2601244315922535,0.046250835021686046,0.32869420703202695,-0.48444079731073697,0.2526932240193787,0.18839496064714029,-0.049748376208418016,-0.3579142535349964,-0.6431433802280021,0.17264627522964057,-0.33352835075536,0.4979035026945626,0.2369047103848403,-0.3722473951543031,0.27169638366521687,0.28416554612899475,-0.16813597148187442,0.028130846524179354,0.029958227306606938,-0.6628543309298893,-0.38749519227034523,0.19924280246232606,0.10898408461791875,-0.07114366702673078,-0.48636153679974764,-0.37495039529933316,-0.35773539510863783,-0.45688975984711444,-0.4730310737670753,0.157132919527201,-0.5352467468943963,0.4927132648695391,-0.1481654212701012,-0.22397983705645863,-0.42713510564053636,0.6511363681427932,-0.10754239850543479,-0.17422636019677545,-0.1964439762277368,-0.33637424813848243,-0.23774613440621153,0.8882552812381104,0.3899564543261168,-0.24868434120933441,-0.10166982038025422,0.21791927685635892,0.029844893092727587,-0.25158578935706694,-0.2150267435644324,-0.1977860884610236,-0.36986969332855046,0.6828902284022939,0.39116036190416537,-0.28964029923340323,0.40578748229257505,-0.004823461366286447,-0.5994285388719641,-0.08397628890898137,0.0015690062897252138,-0.12945867392420704,48432
0.8062881750058367,2.7586223243636234,0.6335260153814499,-0.8235741715220883,-1.140759040475383,0.7855474410268449,0.6603133485214607,0.2933526786454034,0.7055688638287905,0.04405688701137278,-0.35299850677162214,-0.5060667429120415,2.0305012228106922,-1.5759642001574763,0.280655482899687,-1.2229658653996447,0.16407088442935486,-0.5625924249370772,0.6041148143271359,1.539828984561219,1.3612988680467815,0.030484642379898952,-1.1828021775465374,2.368500946145307,0.7121464146084912,0.38506487632148356,-0.8920307069195597,-0.3281928073901269,0.19310554272616914,0.7175528756944168,0.7212922844029105,-1.2426161117866743,-0.9307262830621726,-1.1790072548255266,-0.2055529346684859,-1.5025400647645117,-3.285989228758302,0.7100994793973185,-0.5995496489305773,-0.7712155055945261,-1.0647250157501382,-0.33549247597688514,0.16147368473901172,-2.0522035704408133,0.38639008425980875,0.5452849181102024,-1.2231803123454854,-1.598705754913983,0.1405621333479379,-0.10684047349285004,-1.595226631717404,-1.9470800270072195,-0.03326174455999498,-1.276395765465511,-0.519095630684804,-1.3263040804798178,-1.033192009194061,1.4789720800170891,0.7941264696416181,3.149740857965646,-1.1373975745389435,0.8111148071420904,0.004732194646585031,0.21548920313274972,0.702435884383605,-0.6532110419184446,-0.6462623726372723,0.07748053659503984,-1.3417479883174324,2.307763852147621,-2.559632422947823,-2.2885972440411444,-0.8539801771056463,-1.7146073427618131,1.6548691132983437,-1.4125854979162695,-0.2322441161849053,-0.48690675705831754,-0.9158241841982676,0.4239577278191016,0.8171631672544403,0.7831151567705901,2.602150058257423,-0.6515274298099838,1.8958734637620904,0.32633401651690763,1.1859006330153108,0.38559780187961357,1.0143851201137373,-1.7673305234101595,-0.7105888017907628,1.0276210519664066,1.3059714874863015,0.31887963634053706,1.6037108061544658,-0.7326053242478086,1.7227407133514734,0.34537266121494603,0.9995426716521857,2.2946936971163163,4200
0.16915752279537333,0.9246361104042027,0.8511478705696867,-0.5189979844852877,-0.06845881341131822,-0.1962475365168139,-0.1922643438150325,0.5425854498582534,0.631889342804933,0.05401359941414324,-0.5811451446435513,-0.5642307671194123,-0.0709077506535904,0.022674242719424597,0.033209619775396104,0.004785782892585688,-0.0829481975484476,0.49674479660491055,0.1756635081122251,0.20797898818343874,0.06734773132484742,-0.42887659611928575,-0.1578745374731107,-0.7793514575254769,-0.10988131175561643,-0.12304794269954276,-0.6692203354516277,0.16630096011641732,0.8670718969162295,-0.1838323565938032,0.3507565701278499,-0.14688198401694874,-0.2892420449382461,0.2147457736954403,-0.17996008835471694,-0.4408507449228549,0.6163809449789639,-0.3179756535388034,0.04560641734236284,0.21403736448316468,-0.23623741143659677,0.20262545305427243,0.20198924335383675,0.7506947580003656,0.041926261612909584,0.01795657971427822,-0.9543870674474494,0.7907451208603202,1.0167515840532482,0.12758545984440325,-0.43369593799213835,-0.11084765959798873,0.6850913865920452,0.36694819119391603,0.3369646936888794,-0.33417061322144614,-0.4785922640806367,1.050982429554728,0.7401902656772382,-0.08135299986060886,-0.288111450088004,-0.5816586293684921,-0.38684411297919813,-0.4959489713745408,-0.5480825977242729,-0.48553044412069923,-0.05277442845755491,0.4070614718402473,0.32170014445923345,-0.30608682304190327,0.9690152581722331,-0.07199290247146235,-0.624791703234648,0.20748378074309426,0.8404635264013369,-0.1570006277527606,0.4117405347975386,-0.4803386854199461,-0.544775241628625,0.2702962369055492,0.3634627159265941,-0.2255769134035957,-0.05136568074628589,0.01264875338595517,-0.5409740563390121,-0.5937327190014684,-0.7499728804126051,0.160792280522365,0.639629356404498,0.45594672639226663,0.03057763368335903,-0.02330257244581621,-0.2229466374118968,0.054236395591120104,-0.012343258519881328,0.3862921985338054,-0.3820004154282785,-0.2618512399396474,-0.16321847220433056,0.6656879882867568,27227
-0.6920960606716878,0.7833910272617447,1.4177534535355911,-1.1378124419334565,1.1749581330836363,1.1759163601134504,0.8605896480567882,-1.6284019808879602,-0.63173343962792,-1.8407011675514358,0.09393395407782063,0.48996623207905454,0.22673793897018618,-1.0789501065345593,0.7296543038256885,0.11679781651754362,1.1558023214322835,3.1140319912650143,0.41227844581484685,0.7597101184086614,-0.7836400256631053,-0.11542857209759982,0.710331818983543,-2.103817364107824,-0.18224111842816576,0.6748802568310291,-0.452813144271794,0.6634099212252983,2.561104703945618,1.5461494179169084,0.7108736335456295,-0.20121630474050328,-1.0008207845724475,-1.386451794378017,0.15358992224227558,0.7858749678135543,-0.9875307386879224,1.7274736691242252,-0.8644859862685771,0.40580720292528694,0.4708706329315859,-1.3685765576838187,-1.6090194342552722,0.5515561771288116,0.10071645677027376,0.47505789989821307,-1.759569338601024,-0.4191061460437703,2.433424749837151,-1.071991186094329,-0.500465548610108,-1.71705772136616,0.2301016345195632,1.7092051145540839,0.29948960801400626,1.9466494468909976,0.45687303395788864,1.518589678045683,-1.612992707995161,1.7702217999958232,-0.3552940973878116,-0.27506081426676177,0.6912356745735697,-0.10645956834806422,-0.576693609056296,0.7468773806986106,1.5804706462308629,2.7783908849619783,-1.1810869508480593,1.2446718866122337,0.48747673498948346,1.8244898349774084,0.6180828590967604,0.01356764004195149,-0.9017477499760524,1.885160364082584,-0.0025983788856653867,-0.0704219681282229,-0.9528158301374772,1.4395740125395522,-0.20776174737010153,0.1624346917376619,-1.8638604581659683,-0.4917438187690696,1.38707381606383,-0.2139767689589101,-1.5904924323454652,0.6795764280636869,0.9807191310233639,-0.3929183514156174,-0.8883273241547138,0.9361657062064491,0.24977305347140516,0.5684995883173753,0.022423145949658413,-0.4464704022937554,-0.043310371599932174,-2.1071698101562926,1.8603171568291899,-0.19980610954251757,3518
0.282096144723748,-0.07062873469879849,0.006036382912697202,0.3051056225366457,-0.34179345737525724,-0.16394174028358907,0.2515706769961787,0.5404850488346873,-0.5431377796947023,-0.2805071105875654,-0.12134756600425317,-0.35146090668067564,0.330460117925868,0.3315669884357132,0.9241938105400025,0.09858110980613302,-0.31459952981230194,-0.21042618140828093,-0.21877900835690794,-0.25844261879377817,0.2509594294378482,-0.9478033373955996,-0.832029924069519,0.7871860606425221,0.2337366666805002,-0.11642358014711324,-0.10985398318713234,-0.6973867459791684,-0.4010682624801808,-0.3025367965498296,-0.4190976684535968,-0.6608033346154993,-0.6480883817864931,0.34757331154457793,-0.05627076727636997,-0.12695987998939812,-0.4618342850173491,-0.53701953104055,0.1133214832170585,0.17842826571609233,0.24784517778038628,-0.13930882719569623,-0.09014320153506791,-1.0237890067587605,0.07585467578263166,-0.5725819669978829,0.013740006032866708,-0.35900262565054725,-0.36789448324728835,-0.33388580322004147,-0.6845796168784923,0.029337409896884672,0.32579163829981306,-0.9836257051303061,0.48829895155290376,0.09311570810722634,-0.5636575662011857,0.7574735695694605,0.3550735456247283,0.031121093153874735,-0.5830236397594245,-0.34161872409408167,0.23659200842052996,-0.5086658109658445,-1.7287545506687607,-0.23705781817590263,-0.09220118282898941,0.3049264445857761,-0.22645586205694757,-0.030724265654031177,0.1403737802534631,-0.0841976471058337,-0.0050244885625838065,-0.5793480277513248,0.5993538959899498,-0.1138923227112507,0.6114444366379966,-0.1377568669897358,0.03961883316850809,-0.7198233830750248,-0.05827871699926692,0.4788236996798847,0.18583491450291567,-0.613508968161861,-0.13883418423333108,0.3591123180792488,0.055912114109332944,0.8301351111751074,0.055122491941029056,0.18116746247781854,-0.47388133246513553,0.2584744438193301,0.9120117628913019,0.34831120026330137,-0.14337311784436102,0.35976910740305806,-0.7313300084786982,-0.19135518382576372,-0.027804065822516683,0.40563103700625325,73037
0.1890822972041062,-1.0183631572469927,0.6935712188558507,-2.633387029148994,-2.1045028607588714,-1.5542448809053357,0.029161075336229914,-0.6846232214667094,-1.644441234652132,0.41280113823671927,-2.528999561920424,-0.34654538000569735,1.2319823950010598,1.085935966564627,-0.5828764534995535,2.5955110228909164,-3.513380582015281,-0.7900013357077665,0.5224723272061312,-3.049635311400452,-1.3701793398419935,0.8122112212834824,0.3745103080959468,2.9885931694021246,2.1427014443674652,0.3752957350738987,3.359930465379329,-1.3947047580333343,-0.16918769313900325,0.8436048066113674,1.3352093859667584,-0.9115004847697643,-3.216401897731073,0.19029859145525996,1.6014320139046192,0.7465924739959037,1.972240792572695,0.1626676831744998,-0.6366225681320349,1.8316816506474947,1.0685242451874093,1.3226992787114886,-1.745813221536947,-0.7455402986875335,0.36367167756670404,-0.7600345196774574,-1.0226214057137242,-0.10905743382441027,-0.3394289659704032,-1.8499890015615508,-0.4944457296060401,1.8757409479924623,1.508067670894609,-2.8487790168362235,-0.9735121311247792,0.45135321784941423,0.2048371814632724,-2.9085647975175597,1.260426782567055,-0.8946446743915852,-1.0670767260884289,-0.19305381176451297,2.073659958705916,-0.6946577965296057,-1.8275726381906852,0.13712861281043937,0.8207823339549624,0.11166723667774477,2.3611499986060456,-0.87799270961299,1.5796550571807568,1.2987057199025955,2.2228466745099404,1.9066344087235811,0.953525024294275,-2.6148059961687884,0.28562398882182827,-0.09660578114033533,-0.7766247048590607,-2.8372931821111678,0.974877633729304,-2.149872799901628,-1.2563238420231833,0.59729037680552,-1.5320834379366755,-1.0999351366232835,1.499064242263128,1.0055459437046586,-1.0701260238882428,0.43711899328657056,-0.23144399962912324,-1.353441017724342,-1.1469694064832745,3.505632130816867,-0.799363922291524,-1.6978833333829144,-1.474420287691353,1.7946614094949331,-2.7652288250744994,4.184446325723516,1712
